{"test":[{"Title":"November Rain","ArtistName":"Guns N\u0027 Roses","URL":"http://www.songsterr.com/a/wa/song?id=8452","genres":["glam metal","hard rock","rock"],"genre":"Hard Rock","difficulty":"Intermediate. Tier 1","YoutubeURL":"https://www.youtube.com/results?search_query=November Rain\u002Bguitar\u002Btutorial"},{"Title":"Walk","ArtistName":"Pantera","URL":"http://www.songsterr.com/a/wa/song?id=22271","genres":["alternative dance","australian dance","australian electropop","dance rock","electropop","indietronica","neo-synthpop","new rave"],"genre":"Thrash Metal","difficulty":"Intermediate. Tier 1","YoutubeURL":"https://www.youtube.com/results?search_query=Walk\u002Bguitar\u002Btutorial"},{"Title":"The Unforgiven","ArtistName":"Metallica","URL":"http://www.songsterr.com/a/wa/song?id=19616","genres":["hard rock","metal","old school thrash","rock","thrash metal"],"genre":"Thrash Metal","difficulty":"Beginner. Tier 2","YoutubeURL":"https://www.youtube.com/results?search_query=The\u002BUnforgiven\u002Bguitar\u002Btutorial"},{"Title":"The Unforgiven","ArtistName":"Metallica","URL":"http://www.songsterr.com/a/wa/song?id=19616","genres":["hard rock","metal","old school thrash","rock","thrash metal"],"genre":"Thrash Metal","difficulty":"Beginner. Tier 2","YoutubeURL":"https://www.youtube.com/results?search_query=The\u002BUnforgiven\u002Bguitar\u002Btutorial"},{"Title":"Walk With Me In Hell","ArtistName":"Lamb Of God","URL":"http://www.songsterr.com/a/wa/song?id=23662","genres":["alternative metal","groove metal","melodic metalcore","metal","metalcore","nu metal","virginia metal"],"genre":"Metal","difficulty":"Intermediate. Tier 2","YoutubeURL":"https://www.youtube.com/results?search_query=Lamb\u002BOf\u002BGod\u002BWalk\u002BWith\u002BMe\u002BIn\u002BHell\u002Bguitar\u002Btutorial"}],"tt":[{"Title":"November Rain","ArtistName":"Guns N\u0027 Roses","URL":"http://www.songsterr.com/a/wa/song?id=8452","genres":["glam metal","hard rock","rock"],"genre":"Hard Rock","difficulty":"Intermediate. Tier 1","YoutubeURL":"https://www.youtube.com/results?search_query=November\u002BRain\u002Bguitar\u002Btutorial"}],"NazikSprey":[{"Title":"Smells Like Teen Spirit","ArtistName":"Nirvana","URL":"http://www.songsterr.com/a/wa/song?id=269","genres":["alternative rock","grunge","permanent wave","rock"],"genre":"Grunge","difficulty":"Intermediate. Tier 1","YoutubeURL":"https://www.youtube.com/results?search_query=Smells\u002BLike\u002BTeen\u002BSpirit\u002Bguitar\u002Btutorial"},{"Title":"November Rain","ArtistName":"Guns N\u0027 Roses","URL":"http://www.songsterr.com/a/wa/song?id=8452","genres":["glam metal","hard rock","rock"],"genre":"Hard Rock","difficulty":"Intermediate. Tier 1","YoutubeURL":"https://www.youtube.com/results?search_query=November\u002BRain\u002Bguitar\u002Btutorial"},{"Title":"The Unforgiven","ArtistName":"Metallica","URL":"http://www.songsterr.com/a/wa/song?id=19616","genres":["hard rock","metal","old school thrash","rock","thrash metal"],"genre":"Thrash Metal","difficulty":"Beginner. Tier 2","YoutubeURL":"https://www.youtube.com/results?search_query=The\u002BUnforgiven\u002Bguitar\u002Btutorial"},{"Title":"Walk","ArtistName":"Pantera","URL":"http://www.songsterr.com/a/wa/song?id=22271","genres":["alternative dance","australian dance","australian electropop","dance rock","electropop","indietronica","neo-synthpop","new rave"],"genre":"Thrash Metal","difficulty":"Intermediate. Tier 1","YoutubeURL":"https://www.youtube.com/results?search_query=Walk\u002Bguitar\u002Btutorial"},{"Title":"Psycho","ArtistName":"Muse","URL":"http://www.songsterr.com/a/wa/song?id=397217","genres":["dfw rap","melodic rap","rap"],"genre":"Probably dfw rap","difficulty":"Intermediate. Tier 1","YoutubeURL":"https://www.youtube.com/results?search_query=Psycho\u002Bguitar\u002Btutorial"},{"Title":"This I Love","ArtistName":"Guns N\u0027 Roses","URL":"http://www.songsterr.com/a/wa/song?id=37025","genres":["glam metal","hard rock","rock"],"genre":"Hard Rock","difficulty":"Intermediate. Tier 1","YoutubeURL":"https://www.youtube.com/results?search_query=This\u002BI\u002BLove\u002Bguitar\u002Btutorial"},{"Title":"Don\u0027t Cry","ArtistName":"Guns N\u0027 Roses","URL":"http://www.songsterr.com/a/wa/song?id=125","genres":["hip hop","new orleans rap","pop rap","rap","trap"],"genre":"Hard Rock","difficulty":"Intermediate. Tier 1","YoutubeURL":"https://www.youtube.com/results?search_query=Don\u0027t\u002BCry\u002Bguitar\u002Btutorial"}],"andrewlisx":[{"Title":"Numb (Fingerstyle)","ArtistName":"Linkin Park","URL":"http://www.songsterr.com/a/wa/song?id=91316","genres":["fingerstyle"],"genre":"Probably fingerstyle","difficulty":"Beginner. Tier 2","YoutubeURL":"https://www.youtube.com/results?search_query=Numb\u002B(Fingerstyle)\u002Bguitar\u002Btutorial"}],"1483481473":[{"Title":"You\u0027re Beautiful (2 Guitars)","ArtistName":"James Blunt","URL":"http://www.songsterr.com/a/wa/song?id=77739","genres":null,"genre":"Unknown","difficulty":"Beginner. Tier 2","YoutubeURL":"https://www.youtube.com/results?search_query=You\u0027re\u002BBeautiful\u002B(2\u002BGuitars)\u002Bguitar\u002Btutorial"},{"Title":"Happy","ArtistName":"Pharrell Williams","URL":"http://www.songsterr.com/a/wa/song?id=386426","genres":["hip hop","pop","pop rap"],"genre":"Hip-Hop","difficulty":null,"YoutubeURL":"https://www.youtube.com/results?search_query=Pharrell\u002BWilliams\u002BHappy\u002Bguitar\u002Btutorial"}],"985665229":[{"Title":"November Rain","ArtistName":"Guns N\u0027 Roses","URL":"http://www.songsterr.com/a/wa/song?id=8452","genres":["glam metal","hard rock","rock"],"genre":"Hard Rock","difficulty":"Intermediate. Tier 1","YoutubeURL":"https://www.youtube.com/results?search_query=Guns\u002BN\u0027\u002BRoses\u002BNovember\u002BRain\u002Bguitar\u002Btutorial"},{"Title":"Walk","ArtistName":"Pantera","URL":"http://www.songsterr.com/a/wa/song?id=22271","genres":["alternative dance","australian dance","australian electropop","dance rock","electropop","indietronica","neo-synthpop","new rave"],"genre":"Thrash Metal","difficulty":"Intermediate. Tier 1","YoutubeURL":"https://www.youtube.com/results?search_query=Pantera\u002BWalk\u002Bguitar\u002Btutorial"},{"Title":"The Unforgiven","ArtistName":"Metallica","URL":"http://www.songsterr.com/a/wa/song?id=19616","genres":["hard rock","metal","old school thrash","rock","thrash metal"],"genre":"Thrash Metal","difficulty":"Beginner. Tier 2","YoutubeURL":"https://www.youtube.com/results?search_query=Metallica\u002BThe\u002BUnforgiven\u002Bguitar\u002Btutorial"},{"Title":"Sweet Child O\u0027 Mine","ArtistName":"Guns N\u0027 Roses","URL":"http://www.songsterr.com/a/wa/song?id=23","genres":["glam metal","hard rock","rock"],"genre":"Hard Rock","difficulty":"Intermediate. Tier 1","YoutubeURL":"https://www.youtube.com/results?search_query=Guns\u002BN\u0027\u002BRoses\u002BSweet\u002BChild\u002BO\u0027\u002BMine\u002Bguitar\u002Btutorial"}]}